brand,models
"VIVO
129 devices",V15
"VIVO
129 devices",iQOO
"VIVO
129 devices",V15 Pro
"VIVO
129 devices",Y89
"VIVO
129 devices",NEX Dual Display
"VIVO
129 devices",Y93 (Mediatek)
"VIVO
129 devices",Y93s
"VIVO
129 devices",Y95
"VIVO
129 devices",Z1 Lite
"VIVO
129 devices",Y91i
"VIVO
129 devices",Y93
"VIVO
129 devices",Y91i (India)
"VIVO
129 devices",Y91 (Mediatek)
"VIVO
129 devices",Y91
"VIVO
129 devices",Y81i
"VIVO
129 devices",Z3
"VIVO
129 devices",Z3i
"VIVO
129 devices",Y71i
"VIVO
129 devices",V11i
"VIVO
129 devices",Y97
"VIVO
129 devices",X23
"VIVO
129 devices",V11 (V11 Pro)
"VIVO
129 devices",Y83 Pro
"VIVO
129 devices",V9 6GB
"VIVO
129 devices",Z1i
"VIVO
129 devices",NEX S
"VIVO
129 devices",NEX A
"VIVO
129 devices",Z1
"VIVO
129 devices",Y83
"VIVO
129 devices",Y81
"VIVO
129 devices",X21i
"VIVO
129 devices",Y53i
"VIVO
129 devices",Y71
"VIVO
129 devices",V9 Youth
"VIVO
129 devices",V9
"VIVO
129 devices",X21 UD
"VIVO
129 devices",X21
"VIVO
129 devices",V7
"VIVO
129 devices",X20 Plus
"VIVO
129 devices",X20 Plus UD
"VIVO
129 devices",X20
"VIVO
129 devices",V7+
"VIVO
129 devices",Y65
"VIVO
129 devices",Y69
"VIVO
129 devices",Y53
"VIVO
129 devices",X9s Plus
"VIVO
129 devices",X9s
"VIVO
129 devices",V5s
"VIVO
129 devices",Y25
"VIVO
129 devices",Y55L (vivo 1603)
"VIVO
129 devices",Y55s
"VIVO
129 devices",V5 Lite (vivo 1609)
"VIVO
129 devices",V5 Plus
"VIVO
129 devices",Y67
"VIVO
129 devices",Xplay6
"VIVO
129 devices",X9 Plus
"VIVO
129 devices",X9
"VIVO
129 devices",V5
"VIVO
129 devices",X7 Plus
"VIVO
129 devices",X7
"VIVO
129 devices",V3Max
"VIVO
129 devices",V3
"VIVO
129 devices",X6S Plus
"VIVO
129 devices",X6S
"VIVO
129 devices",Xplay5 Elite
"VIVO
129 devices",Xplay5
"VIVO
129 devices",Y51
"VIVO
129 devices",X6
"VIVO
129 devices",X6Plus
"VIVO
129 devices",Y15S (2015)
"VIVO
129 devices",V1
"VIVO
129 devices",V1 Max
"VIVO
129 devices",Y31
"VIVO
129 devices",Y35
"VIVO
129 devices",Y37
"VIVO
129 devices",X5Max Platinum Edition
"VIVO
129 devices",X5Pro
"VIVO
129 devices",X5Max+
"VIVO
129 devices",X5Max
"VIVO
129 devices",Y11
"VIVO
129 devices",X5
"VIVO
129 devices",Xplay3S
"VIVO
129 devices",Xshot
"VIVO
129 devices",X3S
"VIVO
129 devices",Y28
"VIVO
129 devices",Y27
"VIVO
129 devices",Y22
"VIVO
129 devices",Y15 (2013)
"VIVO
129 devices",Xplay7
"VK MOBILE
31 devices",VK2030
"VK MOBILE
31 devices",VK2200
"VK MOBILE
31 devices",VK7000
"VK MOBILE
31 devices",VK5000
"VK MOBILE
31 devices",VK300
"VK MOBILE
31 devices",VK4000
"VK MOBILE
31 devices",VK4100
"VK MOBILE
31 devices",VK2020
"VK MOBILE
31 devices",VK200
"VK MOBILE
31 devices",VK4500
"VK MOBILE
31 devices",VK3100
"VK MOBILE
31 devices",VK2100
"VK MOBILE
31 devices",VK2010
"VK MOBILE
31 devices",VK1500
"VK MOBILE
31 devices",VK1100
"VK MOBILE
31 devices",VK1020
"VK MOBILE
31 devices",VK1010
"VK MOBILE
31 devices",VK1000
"VK MOBILE
31 devices",VK2000
"VK MOBILE
31 devices",E100
"VK MOBILE
31 devices",VK570
"VK MOBILE
31 devices",VK700
"VK MOBILE
31 devices",VK900
"VK MOBILE
31 devices",VK800
"VK MOBILE
31 devices",VK530
"VK MOBILE
31 devices",VK610
"VK MOBILE
31 devices",VK580
"VK MOBILE
31 devices",VK560
"VK MOBILE
31 devices",VK540
"VK MOBILE
31 devices",VK520
"VK MOBILE
31 devices",VK500
"VODAFONE
87 devices",Smart 4 power
"VODAFONE
87 devices",Smart 4
"VODAFONE
87 devices",Smart 4 mini
"VODAFONE
87 devices",Smart Tab III 10.1
"VODAFONE
87 devices",Smart Tab III 7
"VODAFONE
87 devices",Chat 655
"VODAFONE
87 devices",Smart Mini
"VODAFONE
87 devices",Smart III 975
"VODAFONE
87 devices",Smart Tab II 10
"VODAFONE
87 devices",Smart Tab II 7
"VODAFONE
87 devices",V860 Smart II
"VODAFONE
87 devices",Smart Tab 10
"VODAFONE
87 devices",Smart Tab 7
"VODAFONE
87 devices",155
"VODAFONE
87 devices",555 Blue
"VODAFONE
87 devices",858 Smart
"VODAFONE
87 devices",945
"VODAFONE
87 devices",553
"VODAFONE
87 devices",845
"VODAFONE
87 devices",360 H2
"VODAFONE
87 devices",547
"VODAFONE
87 devices",546
"VODAFONE
87 devices",543
"VODAFONE
87 devices",350 Messaging
"VODAFONE
87 devices",345 Text
"VODAFONE
87 devices",248
"VODAFONE
87 devices",247 Solar
"VODAFONE
87 devices",246
"VODAFONE
87 devices",250
"VODAFONE
87 devices",150
"VODAFONE
87 devices",1240
"VODAFONE
87 devices",840
"VODAFONE
87 devices",541
"VODAFONE
87 devices",540
"VODAFONE
87 devices",340
"VODAFONE
87 devices",360 H1
"VODAFONE
87 devices",360 M1
"VODAFONE
87 devices",533 Crystal
"VODAFONE
87 devices",1231
"VODAFONE
87 devices",V-X760
"VODAFONE
87 devices",Indie
"VODAFONE
87 devices",835
"VODAFONE
87 devices",736
"VODAFONE
87 devices",735
"VODAFONE
87 devices",235
"VODAFONE
87 devices",V720
"VODAFONE
87 devices",533
"VODAFONE
87 devices",830i
"VODAFONE
87 devices",526
"VODAFONE
87 devices",332
"VODAFONE
87 devices",231
"VODAFONE
87 devices",1210
"VODAFONE
87 devices",725
"VODAFONE
87 devices",810
"VODAFONE
87 devices",716
"VODAFONE
87 devices",527
"VODAFONE
87 devices",511
"VODAFONE
87 devices",228
"VODAFONE
87 devices",710
"VODAFONE
87 devices",227
"VODAFONE
87 devices",226
"VODAFONE
87 devices",225
"WIKO
67 devices",Pulp Fab
"WIKO
67 devices",Pulp
"WIKO
67 devices",Pulp 4G
"WIKO
67 devices",Fever 4G
"WIKO
67 devices",Lenny2
"WIKO
67 devices",Rainbow Jam
"WIKO
67 devices",Rainbow Jam 4G
"WIKO
67 devices",Rainbow Lite 4G
"WIKO
67 devices",Selfy 4G
"WIKO
67 devices",Rainbow UP 4G
"WIKO
67 devices",Sunset2
"WIKO
67 devices",Bloom2
"WIKO
67 devices",Ridge 4G
"WIKO
67 devices",Ridge Fab 4G
"WIKO
67 devices",Highway Star 4G
"WIKO
67 devices",Highway Pure 4G
"WIKO
67 devices",Lenny
"WIKO
67 devices",Birdy
"WIKO
67 devices",Goa
"WIKO
67 devices",Jimmy
"WIKO
67 devices",Getaway
"WIKO
67 devices",Rainbow
"WIKO
67 devices",Rainbow 4G
"WIKO
67 devices",Highway 4G
"WIKO
67 devices",Highway Signs
"WIKO
67 devices",Wax
"WIKO
67 devices",Highway
"WND
5 devices",Wind Van Gogh 2100
"WND
5 devices",Wind DUO 2300
"WND
5 devices",Wind DUO 2200
"WND
5 devices",Wind DUO 2100
"WND
5 devices",Wind DUO 2000
"XCUTE
4 devices",DV80
"XCUTE
4 devices",DV50
"XCUTE
4 devices",DV2
"XCUTE
4 devices",DV1
"XIAOMI
125 devices",Redmi Note 6 Pro
"XIAOMI
125 devices",Mi 8 Pro
"XIAOMI
125 devices",Mi 8 Lite
"XIAOMI
125 devices",Pocophone F1
"XIAOMI
125 devices",Mi A2 (Mi 6X)
"XIAOMI
125 devices",Mi A2 Lite (Redmi 6 Pro)
"XIAOMI
125 devices",Mi Max 3
"XIAOMI
125 devices",Mi Pad 4
"XIAOMI
125 devices",Mi Pad 4 Plus
"XIAOMI
125 devices",Redmi 6
"XIAOMI
125 devices",Redmi 6A
"XIAOMI
125 devices",Mi 8 Explorer
"XIAOMI
125 devices",Mi 8
"XIAOMI
125 devices",Mi 8 SE
"XIAOMI
125 devices",Redmi S2 (Redmi Y2)
"XIAOMI
125 devices",Mi Mix 2S
"XIAOMI
125 devices",Redmi Note 5 AI Dual Camera
"XIAOMI
125 devices",Redmi Note 5 Pro
"XIAOMI
125 devices",Black Shark
"XIAOMI
125 devices",Redmi 5 Plus (Redmi Note 5)
"XIAOMI
125 devices",Redmi 5
"XIAOMI
125 devices",Redmi 5A
"XIAOMI
125 devices",Redmi Y1 (Note 5A)
"XIAOMI
125 devices",Redmi Y1 Lite
"XIAOMI
125 devices",Mi Note 3
"XIAOMI
125 devices",Mi Mix 2
"XIAOMI
125 devices",Mi A1 (Mi 5X)
"XIAOMI
125 devices",Mi Max 2
"XIAOMI
125 devices",Redmi 4 (4X)
"XIAOMI
125 devices",Mi 6
"XIAOMI
125 devices",Mi Pad 3
"XIAOMI
125 devices",Mi 5c
"XIAOMI
125 devices",Redmi Note 4X
"XIAOMI
125 devices",Redmi Note 4
"XIAOMI
125 devices",Redmi 4A
"XIAOMI
125 devices",Redmi 4 (China)
"XIAOMI
125 devices",Redmi 4 Prime
"XIAOMI
125 devices",Mi 6 Plus
"XIAOMI
125 devices",Mi Mix
"XIAOMI
125 devices",Mi Note 2
"XIAOMI
125 devices",Mi 5s Plus
"XIAOMI
125 devices",Mi 5s
"XIAOMI
125 devices",Redmi Note 4 (MediaTek)
"XIAOMI
125 devices",Redmi Pro
"XIAOMI
125 devices",Redmi 3x
"XIAOMI
125 devices",Redmi 3s Prime
"XIAOMI
125 devices",Redmi 3s
"XIAOMI
125 devices",Redmi 3 Pro
"XIAOMI
125 devices",Mi 5
"XIAOMI
125 devices",Mi Max
"XIAOMI
125 devices",Mi 4s
"XIAOMI
125 devices",Redmi Note 3
"XIAOMI
125 devices",Redmi 3
"XIAOMI
125 devices",Redmi Note Prime
"XIAOMI
125 devices",Mi Pad 2
"XIAOMI
125 devices",Redmi Note 3 (MediaTek)
"XIAOMI
125 devices",Mi 4c
"XIAOMI
125 devices",Redmi Note 2
"XIAOMI
125 devices",Redmi 2 Pro
"XIAOMI
125 devices",Redmi 2 Prime
"XIAOMI
125 devices",Mi 4i
"XIAOMI
125 devices",Mi Note Pro
"XIAOMI
125 devices",Mi Note
"XIAOMI
125 devices",Redmi 2A
"XIAOMI
125 devices",Redmi 2
"XIAOMI
125 devices",Mi 4 LTE
"XIAOMI
125 devices",Redmi Note 4G
"XIAOMI
125 devices",Mi 4
"XIAOMI
125 devices",Mi Pad 7.9
"XIAOMI
125 devices",Redmi Note
"XIAOMI
125 devices",Mi 3
"XIAOMI
125 devices",Redmi 1S
"XIAOMI
125 devices",Redmi
"XIAOMI
125 devices",Mi 2A
"XIAOMI
125 devices",Mi 2S
"XIAOMI
125 devices",Mi 2
"XIAOMI
125 devices",Mi 1S
"XIAOMI
125 devices",Mi 6c
"XIAOMI
125 devices",Mi 9X
"XIAOMI
125 devices",Mi Max 4
"XIAOMI
125 devices",Mi Max 4 Pro
"XIAOMI
125 devices",Mi Note Plus
"XIAOMI
125 devices",Redmi Pro 2
"XOLO
81 devices",Play 6X-1000
"XOLO
81 devices",Q2000L
"XOLO
81 devices",Win Q900s
"XOLO
81 devices",Q1000 Opus2
"XOLO
81 devices",Q1011
"XOLO
81 devices",Q1200
"XOLO
81 devices",Q600s
"XOLO
81 devices",A500S Lite
"XOLO
81 devices",Q900T
"XOLO
81 devices",Q1010i
"XOLO
81 devices",A510s
"XOLO
81 devices",Q2500
"XOLO
81 devices",A500 Club
"XOLO
81 devices",Q1010
"XOLO
81 devices",Q1100
"XOLO
81 devices",Q700s
"XOLO
81 devices",Q3000
"XOLO
81 devices",LT900
"XOLO
81 devices",Q1000 Opus
"XOLO
81 devices",Play Tegra Note
"XOLO
81 devices",Q500
"XOLO
81 devices",Q800 X-Edition
"XOLO
81 devices",A500S IPS
"XOLO
81 devices",Q2000
"XOLO
81 devices",Q900
"XOLO
81 devices",A600
"XOLO
81 devices",A500L
"XOLO
81 devices",Q700i
"XOLO
81 devices",Play Tab 7.0
"XOLO
81 devices",Tab
"XOLO
81 devices",Q1000s
"XOLO
81 devices",A500S
"XOLO
81 devices",Play
"XOLO
81 devices",Q600
"XOLO
81 devices",X1000
"XOLO
81 devices",X910
"XOLO
81 devices",X500
"XOLO
81 devices",Q1000
"XOLO
81 devices",Q800
"XOLO
81 devices",Q700
"YEZZ
93 devices",Andy C5QL
"YEZZ
93 devices",Classic C50
"YEZZ
93 devices",Classic C22
"YEZZ
93 devices",Classic C21A
"YEZZ
93 devices",Monaco 47
"YEZZ
93 devices",Billy 4
"YEZZ
93 devices",Andy 5T
"YEZZ
93 devices",Andy C5VP
"YEZZ
93 devices",Andy C5V
"YEZZ
93 devices",Andy 5.5EI
"YEZZ
93 devices",Andy 4.5M
"YEZZ
93 devices",Billy 4.7
"YEZZ
93 devices",Andy 4EI
"YEZZ
93 devices",Andy 3.5EH
"YEZZ
93 devices",Andy 5EI
"YEZZ
93 devices",Andy 3.5EI
"YEZZ
93 devices",Andy 6Q
"YEZZ
93 devices",Classic C21
"YEZZ
93 devices",Andy A5QP
"YEZZ
93 devices",Andy AZ4.5
"YEZZ
93 devices",Epic T7FD
"YEZZ
93 devices",Andy A3.5EP
"YEZZ
93 devices",Epic T7ED
"YEZZ
93 devices",Andy A6M 1GB
"YEZZ
93 devices",Andy A6M
"YEZZ
93 devices",Andy A4M
"YEZZ
93 devices",Andy A4E
"YEZZ
93 devices",Andy A5 1GB
"YEZZ
93 devices",Andy A4.5 1GB
"YEZZ
93 devices",Andy A4.5
"YEZZ
93 devices",Andy A4
"YEZZ
93 devices",Andy A3.5
"YEZZ
93 devices",Classic CC10
"YEZZ
93 devices",Andy A5
"YEZZ
93 devices",Epic T7
"YEZZ
93 devices",Classic C30
"YEZZ
93 devices",Bonito YZ500
"YEZZ
93 devices",Exclusive Z10
"YEZZ
93 devices",Andy 3G 3.5 YZ1110
"YEZZ
93 devices",Andy 3G 4.0 YZ1120
"YEZZ
93 devices",Ritmo 3 TV YZ433
"YEZZ
93 devices",Ritmo 2 YZ420
"YEZZ
93 devices",Andy 3G 2.8 YZ11
"YEZZ
93 devices",Classic C20
"YEZZ
93 devices",Chico 2 YZ201
"YEZZ
93 devices",Andy YZ1100
"YEZZ
93 devices",Fashion F10
"YEZZ
93 devices",Bono 3G YZ700
"YEZZ
93 devices",Moda YZ600
"YEZZ
93 devices",Ritmo YZ400
"YEZZ
93 devices",Zenior YZ888
"YEZZ
93 devices",Clasico YZ300
"YEZZ
93 devices",Chico YZ200
"YOTA
3 devices",YotaPhone 3
"YOTA
3 devices",YotaPhone 2
"YOTA
3 devices",YotaPhone
"YU
13 devices",Ace
"YU
13 devices",Yureka 2
"YU
13 devices",Yunique 2
"YU
13 devices",Yureka Black
"YU
13 devices",Yunique Plus
"YU
13 devices",Yureka S
"YU
13 devices",Yunicorn
"YU
13 devices",Yureka Note
"YU
13 devices",Yutopia
"YU
13 devices",Yunique
"YU
13 devices",Yuphoria
"YU
13 devices",Yureka Plus
"YU
13 devices",Yureka
"ZTE
266 devices",Grand X View 2
"ZTE
266 devices",Blade V7 Plus
"ZTE
266 devices",Quartz
"ZTE
266 devices",nubia N2
"ZTE
266 devices",nubia M2
"ZTE
266 devices",nubia M2 lite
"ZTE
266 devices",nubia M2 Play
"ZTE
266 devices",nubia Z17
"ZTE
266 devices",Axon 7s
"ZTE
266 devices",Max XL
"ZTE
266 devices",nubia Z17 mini
"ZTE
266 devices",Blade A520
"ZTE
266 devices",nubia N1 lite
"ZTE
266 devices",Blade V8 Mini
"ZTE
266 devices",Blade V8 Lite
"ZTE
266 devices",Blade A2 Plus
"ZTE
266 devices",Hawkeye
"ZTE
266 devices",Blade V8 Pro
"ZTE
266 devices",Blade V8
"ZTE
266 devices",Axon 7 Max
"ZTE
266 devices",Grand X4
"ZTE
266 devices",Blade V7 Max
"ZTE
266 devices",nubia Z11 mini S
"ZTE
266 devices",Axon 7 mini
"ZTE
266 devices",Warp 7
"ZTE
266 devices",Zmax Pro
"ZTE
266 devices",nubia N1
"ZTE
266 devices",nubia Z11 Max
"ZTE
266 devices",Axon 7
"ZTE
266 devices",nubia Z11
"ZTE
266 devices",Blade L110 (A110)
"ZTE
266 devices",Grand X Max 2
"ZTE
266 devices",nubia Z11 mini
"ZTE
266 devices",Blade L5 Plus
"ZTE
266 devices",Blade V Plus
"ZTE
266 devices",Blade A610
"ZTE
266 devices",Blade A512
"ZTE
266 devices",Blade A452
"ZTE
266 devices",Blade V7
"ZTE
266 devices",Blade A2
"ZTE
266 devices",Blade A910
"ZTE
266 devices",Blade V7 Lite
"ZTE
266 devices",Axon Max
"ZTE
266 devices",nubia Prague S
"ZTE
266 devices",Grand X 3
"ZTE
266 devices",Avid Plus
"ZTE
266 devices",Blade X9
"ZTE
266 devices",Blade X5
"ZTE
266 devices",Blade X3
"ZTE
266 devices",Axon Watch
"ZTE
266 devices",Axon
"ZTE
266 devices",Blade S7
"ZTE
266 devices",Axon mini
"ZTE
266 devices",Zmax 2
"ZTE
266 devices",Axon Elite
"ZTE
266 devices",nubia My Prague
"ZTE
266 devices",Axon Lux
"ZTE
266 devices",Boost Max+
"ZTE
266 devices",Blade A460
"ZTE
266 devices",Blade D6
"ZTE
266 devices",Axon Pro
"ZTE
266 devices",Blade A410
"ZTE
266 devices",Obsidian
"ZTE
266 devices",Grand X2
"ZTE
266 devices",Sonata 2
"ZTE
266 devices",Blade Apex 3
"ZTE
266 devices",Maven
"ZTE
266 devices",Blade Q Pro
"ZTE
266 devices",Blade Qlux 4G
"ZTE
266 devices",nubia Z9
"ZTE
266 devices",Blade S6 Plus
"ZTE
266 devices",nubia Z9 Max
"ZTE
266 devices",nubia Z9 mini
"ZTE
266 devices",Open L
"ZTE
266 devices",Grand S3
"ZTE
266 devices",Blade L3 Plus
"ZTE
266 devices",Blade L3
"ZTE
266 devices",Blade G Lux
"ZTE
266 devices",Blade G
"ZTE
266 devices",V5 Lux
"ZTE
266 devices",Blade S6
"ZTE
266 devices",Imperial II
"ZTE
266 devices",Grand X Max+
"ZTE
266 devices",Star 2
"ZTE
266 devices",Grand X Plus Z826
"ZTE
266 devices",Speed
"ZTE
266 devices",Grand S II
"ZTE
266 devices",Grand S Pro
"ZTE
266 devices",Zinger
"ZTE
266 devices",Grand Xmax
"ZTE
266 devices",Zmax
"ZTE
266 devices",Blade Vec 4G
"ZTE
266 devices",Blade Vec 3G
"ZTE
266 devices",Kis 3 Max
"ZTE
266 devices",nubia Z5S mini NX405H
"ZTE
266 devices",nubia Z7
"ZTE
266 devices",nubia Z7 Max
"ZTE
266 devices",nubia Z7 mini
"ZTE
266 devices",Blade L2
"ZTE
266 devices",Kis 3
"ZTE
266 devices",Blade G2
"ZTE
266 devices",Star 1
"ZTE
266 devices",Redbull V5 V9180
"ZTE
266 devices",nubia X6
"ZTE
266 devices",Grand Memo II LTE
"ZTE
266 devices",Open C
"ZTE
266 devices",Open II
"ZTE
266 devices",Iconic Phablet
"ZTE
266 devices",Sonata 4G
"ZTE
266 devices",Grand S II S291
"ZTE
266 devices",nubia Z5S
"ZTE
266 devices",nubia Z5S mini NX403A
"ZTE
266 devices",Grand S Flex
"ZTE
266 devices",Blade Q Maxi
"ZTE
266 devices",Blade Q
"ZTE
266 devices",Blade Q Mini
"ZTE
266 devices",Warp 4G
"ZTE
266 devices",Blade V
"ZTE
266 devices",Blade G V880G
"ZTE
266 devices",Reef
"ZTE
266 devices",Imperial
"ZTE
266 devices",Vital N9810
"ZTE
266 devices",Grand X Pro
"ZTE
266 devices",Grand X2 In
"ZTE
266 devices",Grand X Quad V987
"ZTE
266 devices",Blade III Pro
"ZTE
266 devices",Geek V975
"ZTE
266 devices",Grand Memo V9815
"ZTE
266 devices",Open
"ZTE
266 devices",Blade C V807
"ZTE
266 devices",Director
"ZTE
266 devices",V81
"ZTE
266 devices",Grand S
"ZTE
266 devices",Avid 4G
"ZTE
266 devices",V889M
"ZTE
266 devices",V887
"ZTE
266 devices",Kis III V790
"ZTE
266 devices",Groove X501
"ZTE
266 devices",nubia Z5
"ZTE
266 devices",Flash
"ZTE
266 devices",Anthem 4G
"ZTE
266 devices",Warp Sequent
"ZTE
266 devices",Grand Era U895
"ZTE
266 devices",Blade III
"ZTE
266 devices",Grand X IN
"ZTE
266 devices",N880E
"ZTE
266 devices",Grand X LTE T82
"ZTE
266 devices",Grand X V970
"ZTE
266 devices",U880E
"ZTE
266 devices",Score M
"ZTE
266 devices",Light Tab 300
"ZTE
266 devices",V96
"ZTE
266 devices",PF 100
"ZTE
266 devices",T98
"ZTE
266 devices",Light Tab 3 V9S
"ZTE
266 devices",Era
"ZTE
266 devices",PF112 HD
"ZTE
266 devices",Skate Acqua
"ZTE
266 devices",Orbit
"ZTE
266 devices",Kis V788
"ZTE
266 devices",V880E
"ZTE
266 devices",Nova 3.5
"ZTE
266 devices",Nova 4 V8000
"ZTE
266 devices",Nova Messenger
"ZTE
266 devices",Style Q
"ZTE
266 devices",Style Messanger
"ZTE
266 devices",V875
"ZTE
266 devices",Blade II V880+
"ZTE
266 devices",N910
"ZTE
266 devices",PF200
"ZTE
266 devices",Optik
"ZTE
266 devices",Light Tab 2 V9A
"ZTE
266 devices",Light Tab V9C
"ZTE
266 devices",FTV Phone
"ZTE
266 devices",Chorus
"ZTE
266 devices",Memo
"ZTE
266 devices",Tania
"ZTE
266 devices",Warp
"ZTE
266 devices",Score
"ZTE
266 devices",Avail
"ZTE
266 devices",V9+
"ZTE
266 devices",V9
"ZTE
266 devices",N721
"ZTE
266 devices",Skate
"ZTE
266 devices",V821
"ZTE
266 devices",Amigo
"ZTE
266 devices",U900
"ZTE
266 devices",Racer II
"ZTE
266 devices",Libra
"ZTE
266 devices",Rio
"ZTE
266 devices",Blade
"ZTE
266 devices",Sage
"ZTE
266 devices",X990D
"ZTE
266 devices",N290
"ZTE
266 devices",N280
"ZTE
266 devices",R230
"ZTE
266 devices",R228 Dual SIM
"ZTE
266 devices",R228
"ZTE
266 devices",R221
"ZTE
266 devices",R220
"ZTE
266 devices",S213
"ZTE
266 devices",Salute F350
"ZTE
266 devices",F107
"ZTE
266 devices",E N72
"ZTE
266 devices",Racer
"ZTE
266 devices",F951
"ZTE
266 devices",X990
"ZTE
266 devices",Bingo
"ZTE
266 devices",X760
"ZTE
266 devices",E811
"ZTE
266 devices",Raise
"ZTE
266 devices",Xiang
"ZTE
266 devices",S302
"ZTE
266 devices",A261
"ZTE
266 devices",F233
"ZTE
266 devices",F912
"ZTE
266 devices",F952
"ZTE
266 devices",F928
"ZTE
266 devices",F870
"ZTE
266 devices",F600
"ZTE
266 devices",F103
"ZTE
266 devices",F101
"ZTE
266 devices",F100
"ZTE
266 devices",Coral200 Sollar
